file,species
0021e90e4.png,Loose Silky-bent
003d61042.png,Fat Hen
007b3da8b.png,Fat Hen
0086a6340.png,Common Chickweed
00c47e980.png,Fat Hen
00d090cde.png,Fat Hen
00ef713a8.png,Loose Silky-bent
01291174f.png,Fat Hen
026716f9b.png,Small-flowered Cranesbill
02cfeb38d.png,Loose Silky-bent
03566743d.png,Fat Hen
03a2ee656.png,Charlock
03e322a29.png,Charlock
03ef36742.png,Fat Hen
043449b0b.png,Fat Hen
0437393b1.png,Common Chickweed
04814f36d.png,Common Chickweed
05341a8a6.png,Fat Hen
060450d79.png,Loose Silky-bent
060f1dc84.png,Loose Silky-bent
0625f063b.png,Small-flowered Cranesbill
063363305.png,Fat Hen
06d12f6fa.png,Small-flowered Cranesbill
071cb3ece.png,Loose Silky-bent
0751c0bbc.png,Small-flowered Cranesbill
07e62f903.png,Charlock
085974290.png,Fat Hen
0885e7690.png,Fat Hen
089ad62a7.png,Charlock
08d591441.png,Fat Hen
0911d3dee.png,Common Chickweed
099b961ec.png,Small-flowered Cranesbill
0a64e3e6c.png,Fat Hen
0ad9e7dfb.png,Small-flowered Cranesbill
0ae6668fa.png,Fat Hen
0bf7bfb05.png,Charlock
0c27cf05f.png,Fat Hen
0c4199daa.png,Small-flowered Cranesbill
0c45ace27.png,Loose Silky-bent
0c51bf229.png,Small-flowered Cranesbill
0c5f6c493.png,Fat Hen
0caeda5df.png,Fat Hen
0d117d910.png,Common Chickweed
0d31e6602.png,Fat Hen
0dba99002.png,Fat Hen
0e8492cb1.png,Common Chickweed
0ebf8f2f4.png,Small-flowered Cranesbill
0ee4ad224.png,Fat Hen
0f6cbe5e8.png,Charlock
0fb233ad6.png,Fat Hen
115f93ecc.png,Charlock
116b136de.png,Loose Silky-bent
1191ba346.png,Small-flowered Cranesbill
11d3f68ff.png,Small-flowered Cranesbill
122913909.png,Charlock
12625488b.png,Loose Silky-bent
126a71ce0.png,Fat Hen
1312065a5.png,Fat Hen
1364b297a.png,Fat Hen
1376f3b63.png,Charlock
13b9fa92d.png,Fat Hen
1459e96a0.png,Small-flowered Cranesbill
148bbda66.png,Common Chickweed
14bb43eee.png,Charlock
1541bdb2e.png,Charlock
1623fb9e1.png,Fat Hen
16357b436.png,Sugar beet
16467a950.png,Cleavers
165681fd9.png,Loose Silky-bent
1694a70e4.png,Charlock
16fd2e01a.png,Fat Hen
172f9b10b.png,Loose Silky-bent
17529c555.png,Small-flowered Cranesbill
1758a1baf.png,Small-flowered Cranesbill
177d7e2a4.png,Fat Hen
17a78fb44.png,Fat Hen
17d5e5ac4.png,Fat Hen
1821eb11a.png,Fat Hen
187668bde.png,Fat Hen
1926e82fd.png,Loose Silky-bent
19618ad6a.png,Fat Hen
19b51843a.png,Common Chickweed
19e58cc5e.png,Small-flowered Cranesbill
19fdf19fb.png,Small-flowered Cranesbill
1b490196c.png,Charlock
1b6a6494d.png,Fat Hen
1be0713da.png,Small-flowered Cranesbill
1bf9b94a6.png,Fat Hen
1c52ea820.png,Fat Hen
1c680883c.png,Fat Hen
1cfd91582.png,Fat Hen
1d0cbd819.png,Loose Silky-bent
1d321253f.png,Fat Hen
1d48b7564.png,Charlock
1d56351b2.png,Fat Hen
1dc7c45df.png,Fat Hen
1e095a7e1.png,Loose Silky-bent
1f290e016.png,Loose Silky-bent
1f3f44563.png,Charlock
1f5e5554e.png,Loose Silky-bent
1fefb54b7.png,Fat Hen
205df1df3.png,Charlock
20817c846.png,Fat Hen
20e562fd5.png,Fat Hen
20ea96bcc.png,Loose Silky-bent
20f983a71.png,Scentless Mayweed
2126dc71b.png,Loose Silky-bent
219fd68d5.png,Fat Hen
223e4af09.png,Small-flowered Cranesbill
22e79540f.png,Charlock
22fbf13d6.png,Fat Hen
239bdf640.png,Small-flowered Cranesbill
23bc8ec4f.png,Small-flowered Cranesbill
23e480e64.png,Loose Silky-bent
2406d6c99.png,Small-flowered Cranesbill
241e6935a.png,Loose Silky-bent
248436078.png,Charlock
24a058589.png,Small-flowered Cranesbill
24c94a6ca.png,Loose Silky-bent
24d36c52c.png,Fat Hen
24d78df74.png,Loose Silky-bent
24dbc3b21.png,Fat Hen
258b1183c.png,Charlock
25a4c427e.png,Fat Hen
25cf6eb73.png,Charlock
25fa8d109.png,Fat Hen
26852751a.png,Fat Hen
2693e5c65.png,Charlock
26e7ae885.png,Fat Hen
270b939cf.png,Small-flowered Cranesbill
279df95f2.png,Fat Hen
288564c76.png,Fat Hen
29bab7cad.png,Small-flowered Cranesbill
29ce426a1.png,Common Chickweed
29f49cd0b.png,Fat Hen
2a5064f19.png,Loose Silky-bent
2a667e099.png,Fat Hen
2b55a2da2.png,Small-flowered Cranesbill
2bd74d2da.png,Fat Hen
2d5058a59.png,Small-flowered Cranesbill
2d992d1fb.png,Loose Silky-bent
2d9c798f9.png,Fat Hen
2dd5cfba9.png,Fat Hen
2df78338c.png,Fat Hen
2e86f1085.png,Loose Silky-bent
2ea664465.png,Fat Hen
2f0004a7f.png,Fat Hen
2f246d688.png,Fat Hen
2ff5cb348.png,Fat Hen
30ad31220.png,Cleavers
3185294c8.png,Fat Hen
31f3dd81f.png,Loose Silky-bent
31fcdc161.png,Small-flowered Cranesbill
3281183f9.png,Small-flowered Cranesbill
32a8c8a1d.png,Fat Hen
32b42c120.png,Loose Silky-bent
32c86784b.png,Fat Hen
33317fc2a.png,Fat Hen
33448fe39.png,Fat Hen
33748968f.png,Loose Silky-bent
338c7e907.png,Small-flowered Cranesbill
34dd57ca9.png,Loose Silky-bent
3526b05cc.png,Fat Hen
35a90f8d0.png,Fat Hen
35cf9fa01.png,Charlock
35ebe165c.png,Charlock
36839d5e9.png,Loose Silky-bent
36d62bf36.png,Loose Silky-bent
36ed4f215.png,Fat Hen
37297a64c.png,Fat Hen
37714071b.png,Fat Hen
377283a21.png,Charlock
37c3108d6.png,Charlock
37e545a60.png,Common Chickweed
3827436f3.png,Fat Hen
38c054379.png,Charlock
391dcd7fd.png,Charlock
39858776a.png,Small-flowered Cranesbill
39b740f7e.png,Fat Hen
39c8fde99.png,Fat Hen
39d569be4.png,Charlock
3a909ead8.png,Fat Hen
3abb502fb.png,Loose Silky-bent
3b73c3b61.png,Small-flowered Cranesbill
3bbef3ecb.png,Small-flowered Cranesbill
3d38a87bc.png,Loose Silky-bent
3d65168c2.png,Fat Hen
3d67c434b.png,Small-flowered Cranesbill
3da774107.png,Fat Hen
3dd52bd2a.png,Fat Hen
3e9f41817.png,Small-flowered Cranesbill
3ebbe9ca4.png,Loose Silky-bent
3eda9cbb6.png,Fat Hen
3edf5e9ef.png,Fat Hen
3eebd36c6.png,Charlock
3efa1f66c.png,Small-flowered Cranesbill
3f64c2c1b.png,Fat Hen
3f826b318.png,Fat Hen
3f92d8039.png,Fat Hen
3fbd0fc6a.png,Charlock
3fbf1a417.png,Fat Hen
4049a6ea6.png,Small-flowered Cranesbill
406162ef9.png,Scentless Mayweed
406ecb5c5.png,Fat Hen
410e6f702.png,Small-flowered Cranesbill
41e07778c.png,Charlock
41f1c3cdb.png,Loose Silky-bent
4287d810c.png,Charlock
429211ee6.png,Small-flowered Cranesbill
42e7ed442.png,Charlock
4392d93cf.png,Fat Hen
43ede9de9.png,Small-flowered Cranesbill
444473900.png,Sugar beet
446f7da01.png,Fat Hen
44e8b8833.png,Loose Silky-bent
456d507c0.png,Charlock
466bb6d3b.png,Charlock
46c14fde2.png,Loose Silky-bent
47b7d8e17.png,Small-flowered Cranesbill
47f9e5d91.png,Small-flowered Cranesbill
48231e475.png,Fat Hen
4823c3ffa.png,Charlock
486e59179.png,Fat Hen
48d97c645.png,Small-flowered Cranesbill
48ef6a2ff.png,Loose Silky-bent
490c4f9c8.png,Fat Hen
4a337a4a9.png,Sugar beet
4ac29bbf0.png,Loose Silky-bent
4b032563b.png,Charlock
4b155fb07.png,Common Chickweed
4bbf1f6ea.png,Small-flowered Cranesbill
4bbfd1e05.png,Small-flowered Cranesbill
4bcdaa5e2.png,Loose Silky-bent
4c5ab9b68.png,Small-flowered Cranesbill
4c7838de4.png,Charlock
4c8005bbc.png,Fat Hen
4e1190d78.png,Small-flowered Cranesbill
4e18ab737.png,Sugar beet
4e69d100a.png,Fat Hen
4e9d3765f.png,Charlock
4ea7493d5.png,Loose Silky-bent
4f44ca525.png,Common Chickweed
4f83143e1.png,Charlock
502dff972.png,Sugar beet
506347cfe.png,Charlock
50de8a115.png,Small-flowered Cranesbill
521b27a17.png,Loose Silky-bent
523e5505c.png,Loose Silky-bent
5296835a0.png,Charlock
52a87abe5.png,Loose Silky-bent
52dc7a4d6.png,Fat Hen
5315c2dca.png,Loose Silky-bent
534e74d83.png,Small-flowered Cranesbill
539961189.png,Fat Hen
53ceb4657.png,Loose Silky-bent
53e6e9000.png,Fat Hen
54b3afd58.png,Charlock
54c8bb900.png,Small-flowered Cranesbill
550a8b7e6.png,Fat Hen
55251925f.png,Small-flowered Cranesbill
558aa7deb.png,Loose Silky-bent
55920f07f.png,Charlock
55a852f40.png,Charlock
55fed435f.png,Charlock
56112b92c.png,Fat Hen
56a01b835.png,Small-flowered Cranesbill
5779fe8b4.png,Small-flowered Cranesbill
5817b766d.png,Charlock
5883b423d.png,Small-flowered Cranesbill
589e643b8.png,Fat Hen
590f5aea6.png,Charlock
592473c83.png,Fat Hen
592cc5b89.png,Loose Silky-bent
59358cd44.png,Small-flowered Cranesbill
593896f83.png,Charlock
599691cd9.png,Small-flowered Cranesbill
599c82eea.png,Fat Hen
59b2c6f2b.png,Loose Silky-bent
59c6a9f95.png,Loose Silky-bent
59e1cea8d.png,Charlock
59f62ad1d.png,Fat Hen
5a38ac566.png,Loose Silky-bent
5a6bf96f6.png,Charlock
5af1d74ee.png,Fat Hen
5b3000b9a.png,Charlock
5b3beec58.png,Fat Hen
5b63dcc21.png,Fat Hen
5bbc0a255.png,Fat Hen
5bc6595f6.png,Fat Hen
5bd71f445.png,Fat Hen
5bdcfa329.png,Fat Hen
5c3cd7ea2.png,Loose Silky-bent
5ca0205f9.png,Charlock
5ca2687a4.png,Small-flowered Cranesbill
5dcad9a53.png,Loose Silky-bent
5e6a237f2.png,Fat Hen
5eb9c26a6.png,Fat Hen
5ee9d0a5b.png,Loose Silky-bent
5f04aed97.png,Fat Hen
6049234e6.png,Fat Hen
604dd663f.png,Common Chickweed
606647f64.png,Common Chickweed
60ee66ddd.png,Charlock
60f0bc617.png,Small-flowered Cranesbill
60fea2ef6.png,Fat Hen
615d2b0a9.png,Fat Hen
618de3d7a.png,Fat Hen
61b044411.png,Loose Silky-bent
61dd2cdc5.png,Loose Silky-bent
632156793.png,Small-flowered Cranesbill
63c07d340.png,Common Chickweed
647689543.png,Loose Silky-bent
64fe8beb9.png,Fat Hen
653193c1a.png,Fat Hen
65489944f.png,Small-flowered Cranesbill
659412b1a.png,Small-flowered Cranesbill
65d08b894.png,Loose Silky-bent
65e262a6d.png,Charlock
65e97117e.png,Small-flowered Cranesbill
664194d19.png,Fat Hen
6680836dd.png,Fat Hen
668c1007c.png,Loose Silky-bent
66ab0e8d0.png,Charlock
675ec1b0b.png,Small-flowered Cranesbill
67ce3eaa6.png,Fat Hen
67e185673.png,Common Chickweed
686dc7ec8.png,Loose Silky-bent
6908fb540.png,Small-flowered Cranesbill
6982a9d30.png,Fat Hen
699d3c707.png,Fat Hen
69d1669f8.png,Small-flowered Cranesbill
6a41bf95b.png,Common Chickweed
6a47821f9.png,Small-flowered Cranesbill
6b721f68e.png,Fat Hen
6b9d6f8c9.png,Loose Silky-bent
6ba4ef411.png,Loose Silky-bent
6bce55e05.png,Charlock
6be169e41.png,Charlock
6c874918c.png,Fat Hen
6d6eb3830.png,Common Chickweed
6da892be6.png,Fat Hen
6db684fff.png,Fat Hen
6dd095129.png,Loose Silky-bent
6df8e31ea.png,Common Chickweed
6edb96d45.png,Fat Hen
6edc76e7c.png,Black-grass
711b46fba.png,Small-flowered Cranesbill
71334c634.png,Charlock
71b232519.png,Loose Silky-bent
71e73a8a0.png,Loose Silky-bent
71f5323c5.png,Fat Hen
721b2c47a.png,Small-flowered Cranesbill
721be0a4a.png,Fat Hen
728eabae1.png,Charlock
73260a4ee.png,Fat Hen
74068643d.png,Loose Silky-bent
74d810f87.png,Loose Silky-bent
74fd477eb.png,Loose Silky-bent
7506c0c02.png,Fat Hen
752101fdf.png,Small-flowered Cranesbill
754b1adf8.png,Fat Hen
756dd5070.png,Charlock
75cb95e91.png,Small-flowered Cranesbill
7615e52d3.png,Small-flowered Cranesbill
76555b064.png,Fat Hen
7691014a1.png,Charlock
7696badea.png,Fat Hen
76dbd1054.png,Loose Silky-bent
770a265f5.png,Fat Hen
77ccb8b2a.png,Sugar beet
780bd2a2c.png,Fat Hen
780defa2e.png,Fat Hen
785a73ab8.png,Fat Hen
78750e0ff.png,Loose Silky-bent
78b1bf91a.png,Fat Hen
78c5fba1d.png,Loose Silky-bent
79d93bc96.png,Loose Silky-bent
79dafec17.png,Loose Silky-bent
79e5ea8fa.png,Loose Silky-bent
79fba50db.png,Small-flowered Cranesbill
7a38416be.png,Loose Silky-bent
7b21ba6ba.png,Fat Hen
7b52585da.png,Charlock
7beb2766f.png,Fat Hen
7c85b0265.png,Fat Hen
7cabd68cc.png,Loose Silky-bent
7d22abf91.png,Small-flowered Cranesbill
7d3045fc3.png,Loose Silky-bent
7d4cd07ad.png,Fat Hen
7e9cf1c46.png,Fat Hen
7f31c7f42.png,Loose Silky-bent
7f46a71db.png,Loose Silky-bent
7f9e9565d.png,Loose Silky-bent
7fdb7202d.png,Loose Silky-bent
800a8c17e.png,Loose Silky-bent
808578ed5.png,Fat Hen
808cf55c6.png,Small-flowered Cranesbill
809eb0b82.png,Common Chickweed
80e299ae9.png,Charlock
8104422bb.png,Common Chickweed
8170d33c1.png,Common Chickweed
824f5d4e5.png,Loose Silky-bent
827279bad.png,Fat Hen
82b5f4d33.png,Charlock
8301b0547.png,Cleavers
8303b27ed.png,Fat Hen
8311740de.png,Fat Hen
835dc5447.png,Fat Hen
837ac0270.png,Fat Hen
8455169fe.png,Fat Hen
851c90831.png,Fat Hen
85431c075.png,Small-flowered Cranesbill
855955aaf.png,Charlock
856f2910a.png,Fat Hen
8585f9718.png,Loose Silky-bent
862b8e7a0.png,Fat Hen
86676d627.png,Charlock
866be78b0.png,Fat Hen
86c309150.png,Loose Silky-bent
86f08e6d1.png,Loose Silky-bent
87608f7aa.png,Small-flowered Cranesbill
87f627bf9.png,Common Chickweed
8874bba69.png,Loose Silky-bent
88ac6df54.png,Common Chickweed
88d8a4508.png,Small-flowered Cranesbill
8916793ce.png,Charlock
892e9d6c6.png,Fat Hen
897e5a8de.png,Charlock
8a30b2de3.png,Fat Hen
8a32d0bfa.png,Fat Hen
8a4d3a1b1.png,Charlock
8a8d6c712.png,Fat Hen
8ab8a958b.png,Loose Silky-bent
8b043093d.png,Small-flowered Cranesbill
8b27bfd2b.png,Fat Hen
8b9144917.png,Fat Hen
8bc0261c9.png,Loose Silky-bent
8c98a6e9b.png,Fat Hen
8c9953903.png,Fat Hen
8ca6140ca.png,Fat Hen
8cf2e3e6c.png,Fat Hen
8cf909eb3.png,Fat Hen
8cfd98117.png,Charlock
8d6991365.png,Loose Silky-bent
8d6acbe9b.png,Fat Hen
8db450ce3.png,Fat Hen
8dbb8e1b9.png,Fat Hen
8e29abce1.png,Loose Silky-bent
8e2e5604e.png,Small-flowered Cranesbill
8e3ed0a25.png,Charlock
8e4eaeec0.png,Fat Hen
8e6ec1ca6.png,Fat Hen
8ece6efec.png,Fat Hen
8f523520c.png,Small-flowered Cranesbill
8faadb6a8.png,Loose Silky-bent
90b595f12.png,Small-flowered Cranesbill
90d119d25.png,Common Chickweed
91e469b4a.png,Fat Hen
92292055d.png,Charlock
93079d970.png,Fat Hen
9326bda1b.png,Loose Silky-bent
93d76fd5d.png,Cleavers
948cdb277.png,Charlock
9516e56c4.png,Fat Hen
953496deb.png,Loose Silky-bent
958bb9e96.png,Small-flowered Cranesbill
963544aa0.png,Fat Hen
9643fc5f4.png,Charlock
966ae5ad9.png,Loose Silky-bent
969a851be.png,Charlock
96ecad7a1.png,Loose Silky-bent
96f14d90c.png,Common Chickweed
974959ec1.png,Fat Hen
976e4e079.png,Small-flowered Cranesbill
97844bfd5.png,Small-flowered Cranesbill
97b2f0a10.png,Charlock
98062cd87.png,Fat Hen
98d819587.png,Charlock
98da6ef4e.png,Charlock
99036c51d.png,Loose Silky-bent
99569b224.png,Fat Hen
995c7ab1e.png,Loose Silky-bent
9a3f20121.png,Loose Silky-bent
9aa5587fe.png,Fat Hen
9b4800b42.png,Fat Hen
9b9911f20.png,Fat Hen
9baf94467.png,Fat Hen
9c0c5b731.png,Fat Hen
9c32a797e.png,Charlock
9c777333d.png,Fat Hen
9c8b08a24.png,Small-flowered Cranesbill
9cce7328c.png,Fat Hen
9d3cb4745.png,Fat Hen
9d79a1f0c.png,Charlock
9df3275da.png,Small-flowered Cranesbill
9fab816f2.png,Small-flowered Cranesbill
a006a475c.png,Fat Hen
a060c1cf8.png,Charlock
a0b393945.png,Fat Hen
a0f37c726.png,Fat Hen
a169b71e7.png,Charlock
a19c3faca.png,Charlock
a1da8be3c.png,Charlock
a1e0a6c02.png,Common Chickweed
a254d71f6.png,Fat Hen
a276c65f7.png,Fat Hen
a2b703e21.png,Fat Hen
a2c89c367.png,Charlock
a2d25b4f3.png,Fat Hen
a35fd6fbb.png,Fat Hen
a38b8a581.png,Fat Hen
a3b375b34.png,Fat Hen
a3d0031fd.png,Loose Silky-bent
a4b61a4ea.png,Fat Hen
a544fc46d.png,Loose Silky-bent
a55d26a4c.png,Fat Hen
a5db42f7d.png,Charlock
a74bf916d.png,Charlock
a74d475c2.png,Charlock
a7bd7cadb.png,Fat Hen
a800caead.png,Loose Silky-bent
a83820a2c.png,Fat Hen
a8388a37f.png,Sugar beet
a85b48a95.png,Fat Hen
a85fc8c9a.png,Fat Hen
a890ac088.png,Loose Silky-bent
a8b431a3e.png,Common Chickweed
a8c8a1db0.png,Charlock
a8da9c08d.png,Charlock
a8de7c1b7.png,Loose Silky-bent
a935ca110.png,Fat Hen
a93f940d6.png,Common Chickweed
a9d2eab61.png,Loose Silky-bent
aa7d098d1.png,Fat Hen
aad8375e0.png,Small-flowered Cranesbill
aaf4da98f.png,Loose Silky-bent
ab0f67743.png,Fat Hen
ab35453cb.png,Charlock
abc331628.png,Fat Hen
abf8b0772.png,Common Chickweed
ac3193f78.png,Fat Hen
ac75d3326.png,Small-flowered Cranesbill
acdb75e00.png,Fat Hen
ace8761dd.png,Small-flowered Cranesbill
ad12382d4.png,Fat Hen
adb7a032c.png,Fat Hen
ae90f2827.png,Fat Hen
aecfaed64.png,Charlock
aee6fa3df.png,Loose Silky-bent
af45e222a.png,Fat Hen
afa446484.png,Fat Hen
afcf6abd5.png,Charlock
b026bf8ca.png,Loose Silky-bent
b03397525.png,Loose Silky-bent
b0acaff4a.png,Loose Silky-bent
b130a0632.png,Fat Hen
b145ba9d4.png,Common Chickweed
b1cd2a91e.png,Small-flowered Cranesbill
b215531dd.png,Small-flowered Cranesbill
b2706e2b3.png,Fat Hen
b29339405.png,Loose Silky-bent
b30ab4659.png,Small-flowered Cranesbill
b31292706.png,Fat Hen
b341d0aab.png,Loose Silky-bent
b39c71707.png,Fat Hen
b3d6fdb80.png,Fat Hen
b3e08b037.png,Small-flowered Cranesbill
b47691c08.png,Loose Silky-bent
b4c3df835.png,Fat Hen
b4f7c9214.png,Fat Hen
b573b7a56.png,Loose Silky-bent
b5c7fd009.png,Black-grass
b62dca166.png,Fat Hen
b687160f5.png,Fat Hen
b6a3f7876.png,Fat Hen
b6f3d8b5d.png,Loose Silky-bent
b7192c70f.png,Charlock
b7a7f6390.png,Loose Silky-bent
b7ad92859.png,Small-flowered Cranesbill
b828443ff.png,Charlock
b9062c1c8.png,Small-flowered Cranesbill
b944a49ca.png,Small-flowered Cranesbill
b98327bf4.png,Common Chickweed
ba3ce6b3e.png,Small-flowered Cranesbill
bb1c84bbc.png,Charlock
bb1d1bfd3.png,Charlock
bb20fce02.png,Fat Hen
bb64660b7.png,Charlock
bb7621cb3.png,Fat Hen
bd72d4d8a.png,Common Chickweed
bd789d151.png,Small-flowered Cranesbill
bdde957ec.png,Charlock
be2499cf4.png,Charlock
be341dbdc.png,Small-flowered Cranesbill
bea23d9f8.png,Common Chickweed
bebcaab66.png,Fat Hen
beebe5f4e.png,Small-flowered Cranesbill
bf3924a57.png,Cleavers
bf66b9cd2.png,Charlock
bfab3e3d0.png,Fat Hen
bffc08672.png,Loose Silky-bent
c0461776c.png,Loose Silky-bent
c069fc3fa.png,Fat Hen
c06e7c748.png,Small-flowered Cranesbill
c0bc3997b.png,Loose Silky-bent
c0d9e170b.png,Fat Hen
c0f5d9ac8.png,Fat Hen
c10ccbd82.png,Charlock
c10db7ae2.png,Charlock
c1ecff98b.png,Fat Hen
c26ccf73c.png,Small-flowered Cranesbill
c2de6020a.png,Fat Hen
c35efa095.png,Loose Silky-bent
c4ed8ed38.png,Charlock
c50335991.png,Fat Hen
c5078bac5.png,Loose Silky-bent
c5e419015.png,Fat Hen
c5e88cd42.png,Small-flowered Cranesbill
c60e91e07.png,Fat Hen
c63da993b.png,Small-flowered Cranesbill
c64370a72.png,Fat Hen
c6b76307d.png,Charlock
c6c8d4ba0.png,Common Chickweed
c7051c902.png,Common Chickweed
c74c5b7fc.png,Fat Hen
c75a82234.png,Scentless Mayweed
c7ae30f3a.png,Fat Hen
c7b07431e.png,Loose Silky-bent
c7eb96871.png,Common Chickweed
c832e4302.png,Loose Silky-bent
c85ef220d.png,Fat Hen
c88ebfb47.png,Fat Hen
c8f50f0c3.png,Fat Hen
caa2fbd79.png,Fat Hen
cadab6616.png,Common Chickweed
cae684f8f.png,Small-flowered Cranesbill
cb496f36e.png,Loose Silky-bent
cb76a7766.png,Sugar beet
cbba27d89.png,Charlock
cbe761896.png,Small-flowered Cranesbill
cc3d2a59a.png,Small-flowered Cranesbill
cc74feadc.png,Loose Silky-bent
cd5f0db1c.png,Black-grass
cd6adba97.png,Loose Silky-bent
ce15eee52.png,Small-flowered Cranesbill
ce3d280eb.png,Fat Hen
ce42adffb.png,Fat Hen
cec5bf198.png,Charlock
cf3a8b2fd.png,Charlock
cf46d09c5.png,Fat Hen
cf90fc52d.png,Charlock
cfb18d262.png,Fat Hen
cfd8165e9.png,Charlock
d0152bd7c.png,Loose Silky-bent
d01873fdd.png,Loose Silky-bent
d09275360.png,Fat Hen
d09d24c58.png,Fat Hen
d0cdc768f.png,Loose Silky-bent
d102e1a15.png,Fat Hen
d14aa43f3.png,Fat Hen
d17f48d3b.png,Small-flowered Cranesbill
d2f0f326e.png,Maize
d2f422ccb.png,Sugar beet
d2fd9df40.png,Sugar beet
d3331e071.png,Loose Silky-bent
d350a25fa.png,Fat Hen
d41d87796.png,Common Chickweed
d488a4fe1.png,Small-flowered Cranesbill
d515398fd.png,Cleavers
d563be369.png,Fat Hen
d5f7dd60a.png,Small-flowered Cranesbill
d668409ff.png,Fat Hen
d689256be.png,Loose Silky-bent
d6c8c3c48.png,Fat Hen
d6d31dcbe.png,Fat Hen
d6d80a321.png,Loose Silky-bent
d7017f701.png,Fat Hen
d84d37a61.png,Loose Silky-bent
d89db156f.png,Loose Silky-bent
d8f4923f8.png,Fat Hen
d93c7ab6d.png,Fat Hen
d9c50616e.png,Loose Silky-bent
da231c97f.png,Fat Hen
da4ed3a28.png,Small-flowered Cranesbill
da5255450.png,Fat Hen
da713c465.png,Fat Hen
da9ef7858.png,Charlock
dabe3e5be.png,Fat Hen
dabea05f4.png,Fat Hen
dc4cd56a3.png,Fat Hen
dc55449b2.png,Small-flowered Cranesbill
dcd7ff249.png,Loose Silky-bent
dce2f6612.png,Common Chickweed
dd5ec63d9.png,Fat Hen
dd9f36df7.png,Small-flowered Cranesbill
de0b79659.png,Fat Hen
df11d56a7.png,Fat Hen
df521c0c0.png,Sugar beet
df7cb5f87.png,Loose Silky-bent
dfb1d9012.png,Loose Silky-bent
e0ec5b6a1.png,Fat Hen
e14afa235.png,Loose Silky-bent
e15472085.png,Small-flowered Cranesbill
e15fce4f2.png,Fat Hen
e1809cef2.png,Loose Silky-bent
e19673dc9.png,Fat Hen
e19ad6ac9.png,Loose Silky-bent
e1a0e3202.png,Fat Hen
e1abb4ff9.png,Small-flowered Cranesbill
e3f50adfc.png,Charlock
e471f1d3a.png,Small-flowered Cranesbill
e478c452c.png,Loose Silky-bent
e4a76885b.png,Charlock
e4d5ec761.png,Fat Hen
e5064f6be.png,Small-flowered Cranesbill
e52493d0b.png,Fat Hen
e5297b675.png,Loose Silky-bent
e5368474f.png,Loose Silky-bent
e5881dd33.png,Small-flowered Cranesbill
e5e3dccff.png,Loose Silky-bent
e6f1211a2.png,Fat Hen
e7077322d.png,Fat Hen
e721c6ac8.png,Fat Hen
e73e308be.png,Fat Hen
e783f5a4f.png,Fat Hen
e80a259c5.png,Charlock
e82017baa.png,Fat Hen
e84464f5a.png,Charlock
e88bf0db9.png,Fat Hen
e901b0f28.png,Fat Hen
e921021a8.png,Fat Hen
e96e57a90.png,Charlock
e98e5d1d5.png,Loose Silky-bent
e9cd91682.png,Loose Silky-bent
e9d48d664.png,Charlock
eaf0815e2.png,Fat Hen
ec08a5d56.png,Fat Hen
ede6b84b4.png,Charlock
edfdb4aeb.png,Loose Silky-bent
eec1079a1.png,Fat Hen
eef131644.png,Loose Silky-bent
ef02b4ee7.png,Fat Hen
ef3e232ad.png,Fat Hen
ef65533d5.png,Fat Hen
ef74dbcad.png,Common Chickweed
ef7a5651d.png,Fat Hen
ef9676433.png,Fat Hen
efe19dc32.png,Fat Hen
f0ffa00bd.png,Fat Hen
f1e87cba7.png,Fat Hen
f1f7c833f.png,Fat Hen
f23faf9c1.png,Fat Hen
f25996db8.png,Small-flowered Cranesbill
f2dc546ca.png,Charlock
f33e9d918.png,Common Chickweed
f351ce097.png,Fat Hen
f3fcfff1b.png,Small-flowered Cranesbill
f4021df6c.png,Fat Hen
f4234cf4f.png,Fat Hen
f445fe6fb.png,Charlock
f48916a8c.png,Loose Silky-bent
f4ad9d950.png,Small-flowered Cranesbill
f4caf74f9.png,Charlock
f4e7733d4.png,Charlock
f593c9cf0.png,Fat Hen
f66ae4070.png,Charlock
f6d250856.png,Loose Silky-bent
f8318faf1.png,Small-flowered Cranesbill
f85ed9b6d.png,Fat Hen
f9b6bfb00.png,Charlock
f9ea23fb5.png,Fat Hen
f9f35cbd4.png,Fat Hen
fa5fd1384.png,Charlock
fa9f3a8f9.png,Charlock
fadc6adbc.png,Small-flowered Cranesbill
fb022edf9.png,Fat Hen
fba8fc78a.png,Loose Silky-bent
fbf88b6be.png,Small-flowered Cranesbill
fc3e58836.png,Fat Hen
fc6f686fb.png,Loose Silky-bent
fd253a74e.png,Small-flowered Cranesbill
fd87b36ae.png,Small-flowered Cranesbill
fd925f542.png,Fat Hen
fda0b5c38.png,Fat Hen
fda39e16f.png,Loose Silky-bent
fdea6b119.png,Loose Silky-bent
fe29629fb.png,Fat Hen
fe9e87b78.png,Small-flowered Cranesbill
fea1d13d6.png,Common Chickweed
fea355851.png,Fat Hen
fea3da57c.png,Fat Hen
fef2ade8c.png,Fat Hen
ff65bc002.png,Charlock
ffc6f8527.png,Loose Silky-bent
